﻿{
  "bindings": [
    {
      "authLevel": "anonymous",
      "name": "req",
      "type": "httpTrigger",
      "direction": "in",
      "methods": [
        "get",
        "post"
      ]
    },
    {
      "name": "$return",
      "type": "http",
      "direction": "out"
    },
    {
      "name": "inputTable",
      "direction": "in",
      "type": "table",
      "tableName": "FridgeTable",
      "take": 50,
      "connection": "storageforproj_STORAGE"
    },
    {
      "name": "outputTable",
      "direction": "out",
      "type": "table",
      "tableName": "FridgeTable",
      "connection": "storageforproj_STORAGE"
    }
  ]
}